{
  "video": "IMG_9933.MOV.mp4",
  "ref_frame": 600,
  "img_size": [
    1080,
    1920
  ],
  "field_corners": [
    [
      169.81936645507812,
      124.82315063476562
    ],
    [
      1079.0,
      214.0511474609375
    ],
    [
      1032.2158203125,
      1747.983642578125
    ],
    [
      32.861114501953125,
      1658.755615234375
    ]
  ],
  "goal_amarilla": [
    414,
    46,
    848,
    240
  ],
  "goal_azul": [
    278,
    1580,
    678,
    1769
  ]
}