{
  "video": "IMG_9938.MOV.mp4",
  "ref_frame": 5336,
  "img_size": [
    1080,
    1920
  ],
  "field_corners": [
    [
      5.0,
      303.0
    ],
    [
      820.000732421875,
      218.951171875
    ],
    [
      998.771728515625,
      1589.87646484375
    ],
    [
      0.0306396484375,
      1750.4632568359375
    ]
  ],
  "goal_amarilla": [
    64,
    128,
    518,
    292
  ],
  "goal_azul": [
    512,
    1688,
    706,
    1784
  ]
}